Zeit t / s;Ereignisse N_A;Kanal n_A;Energie E_A / keV;Spannung U_A / V
0;8;0;0;0
1;7;1;1;0
2;3;2;2;0
3;0;3;3;0
4;0;4;4;0
5;0;5;5;0
6;0;6;6;0
7;0;7;7;0
8;0;8;8;0
9;0;9;9;0
10;0;10;10;0
11;0;11;11;0
12;0;12;12;0
13;0;13;13;0
14;0;14;14;0
15;0;15;15;0
16;0;16;16;0
17;0;17;17;0
18;0;18;18;0
19,001;0;19;19;0
20;1;20;20;0
21;1;21;21;0
22;0;22;22;0
23;1;23;23;0
24;9;24;24;0
25;10;25;25;0
26,001;9;26;26;0
26,999;18;27;27;0
27,999;21;28;28;0
29,001;35;29;29;0
30,001;34;30;30;0
31;46;31;31;0
32;37;32;32;0
33;56;33;33;0
34;50;34;34;-0,388020833333333
35;56;35;35;0
36;59;36;36;0
37;46;37;37;0
38;55;38;38;0
39;63;39;39;0
40;85;40;40;0
41;66;41;41;0
42;52;42;42;0
43;83;43;43;0
44;71;44;44;0
45;78;45;45;0
46;73;46;46;0
47;98;47;47;0
48;81;48;48;0
49;116;49;49;0
50;103;50;50;0
50,999;132;51;51;0
52,001;98;52;52;0
53,001;99;53;53;0
54;107;54;54;0
55;97;55;55;0
56;96;56;56;0
57;90;57;57;0
58;85;58;58;0
59;99;59;59;0
60;103;60;60;0
61;117;61;61;0
62;126;62;62;0
63;160;63;63;0
64;263;64;64;0
65;484;65;65;0
66;1022;66;66;0
67;1941;67;67;0
68;3221;68;68;0
69;4706;69;69;0
70;5657;70;70;0
71;5940;71;71;0
72;5589;72;72;0
73;4938;73;73;0
74;4191;74;74;0
75;3343;75;75;0
76;2637;76;76;0
77;2015;77;77;0
78;1563;78;78;0
78,999;1127;79;79;0
79,999;967;80;80;0
81;780;81;81;0
82;597;82;82;0
83,001;455;83;83;0
84;259;84;84;0
85;155;85;85;0
86;95;86;86;0
86,999;45;87;87;0
88;23;88;88;0
88,999;16;89;89;0
90,001;17;90;90;0
91;9;91;91;0
92;12;92;92;0
93;6;93;93;0
94;13;94;94;0
95;4;95;95;0
95,999;12;96;96;0
97;9;97;97;0
98,001;8;98;98;0
99;10;99;99;0
100,001;5;100;100;0
101;9;101;101;0
102;10;102;102;0
103;4;103;103;0
104;6;104;104;0
105;8;105;105;0
106;21;106;106;0
107;25;107;107;0
108;23;108;108;0
109;33;109;109;0
110,001;36;110;110;0
111;35;111;111;0
111,999;37;112;112;0
113;39;113;113;0
114;33;114;114;0
115;28;115;115;0
116;24;116;116;0
117;30;117;117;0
118;21;118;118;0
119,001;19;119;119;0
119,999;11;120;120;0
120,999;14;121;121;0
121,999;24;122;122;0
123;9;123;123;0
124;8;124;124;0
124,999;10;125;125;0
125,999;7;126;126;0
126,999;9;127;127;0
128,001;7;128;128;0
129;7;129;129;0
129,999;10;130;130;0
130,999;11;131;131;0
132;10;132;132;0
133;3;133;133;0
134,001;6;134;134;0
134,999;6;135;135;0
136;5;136;136;0
137;7;137;137;0
138;11;138;138;0
139;8;139;139;0
139,999;13;140;140;0
141;7;141;141;0
142;10;142;142;0
143;9;143;143;0
144;9;144;144;0
144,999;16;145;145;0
146;10;146;146;0
146,999;10;147;147;0
147,999;3;148;148;0
149;3;149;149;0
149,999;5;150;150;0
150,999;7;151;151;0
152;7;152;152;0
153,001;4;153;153;0
154;3;154;154;0
155;0;155;155;0
155,999;1;156;156;0
156,999;3;157;157;0
157,999;3;158;158;0
159,001;1;159;159;0
160;6;160;160;0
161,001;1;161;161;0
162,001;3;162;162;0
162,999;8;163;163;0
164;4;164;164;0
164,999;2;165;165;0
165,999;1;166;166;0
167;3;167;167;0
167,999;3;168;168;0
168,999;4;169;169;0
170;4;170;170;0
171,001;4;171;171;0
171,999;1;172;172;0
173,001;5;173;173;0
174,001;5;174;174;0
175;3;175;175;0
176;1;176;176;0
177,001;4;177;177;0
177,999;3;178;178;0
179,001;4;179;179;0
180;0;180;180;0
181;4;181;181;0
182;2;182;182;0
183;6;183;183;0
184;1;184;184;0
185,001;3;185;185;0
186;5;186;186;0
187;4;187;187;0
188;6;188;188;0
189;6;189;189;0
190,001;19;190;190;0
190,999;3;191;191;0
192;11;192;192;0
193;6;193;193;0
194;11;194;194;0
195;20;195;195;0
195,999;18;196;196;0
197;20;197;197;0
198;20;198;198;0
199;23;199;199;0
200;12;200;200;0
;15;201;201;
;8;202;202;
;3;203;203;
;4;204;204;
;4;205;205;
;6;206;206;
;4;207;207;
;8;208;208;
;3;209;209;
;4;210;210;
;3;211;211;
;7;212;212;
;4;213;213;
;0;214;214;
;2;215;215;
;6;216;216;
;5;217;217;
;3;218;218;
;3;219;219;
;7;220;220;
;5;221;221;
;4;222;222;
;3;223;223;
;5;224;224;
;1;225;225;
;1;226;226;
;1;227;227;
;1;228;228;
;3;229;229;
;6;230;230;
;1;231;231;
;3;232;232;
;6;233;233;
;3;234;234;
;0;235;235;
;2;236;236;
;4;237;237;
;3;238;238;
;2;239;239;
;2;240;240;
;1;241;241;
;6;242;242;
;3;243;243;
;1;244;244;
;3;245;245;
;4;246;246;
;4;247;247;
;2;248;248;
;1;249;249;
;4;250;250;
;4;251;251;
;5;252;252;
;1;253;253;
;5;254;254;
;3;255;255;
;2;256;256;
;0;257;257;
;0;258;258;
;1;259;259;
;3;260;260;
;2;261;261;
;0;262;262;
;1;263;263;
;2;264;264;
;1;265;265;
;4;266;266;
;0;267;267;
;1;268;268;
;4;269;269;
;2;270;270;
;1;271;271;
;0;272;272;
;5;273;273;
;0;274;274;
;1;275;275;
;1;276;276;
;1;277;277;
;1;278;278;
;0;279;279;
;0;280;280;
;1;281;281;
;0;282;282;
;0;283;283;
;0;284;284;
;2;285;285;
;0;286;286;
;0;287;287;
;1;288;288;
;0;289;289;
;0;290;290;
;0;291;291;
;1;292;292;
;0;293;293;
;0;294;294;
;0;295;295;
;1;296;296;
;2;297;297;
;0;298;298;
;0;299;299;
;2;300;300;
;0;301;301;
;1;302;302;
;0;303;303;
;2;304;304;
;1;305;305;
;1;306;306;
;0;307;307;
;1;308;308;
;0;309;309;
;1;310;310;
;0;311;311;
;1;312;312;
;0;313;313;
;0;314;314;
;0;315;315;
;1;316;316;
;0;317;317;
;0;318;318;
;0;319;319;
;2;320;320;
;0;321;321;
;0;322;322;
;0;323;323;
;0;324;324;
;0;325;325;
;0;326;326;
;0;327;327;
;0;328;328;
;0;329;329;
;0;330;330;
;0;331;331;
;0;332;332;
;0;333;333;
;0;334;334;
;0;335;335;
;0;336;336;
;0;337;337;
;1;338;338;
;0;339;339;
;0;340;340;
;0;341;341;
;0;342;342;
;1;343;343;
;0;344;344;
;0;345;345;
;0;346;346;
;0;347;347;
;0;348;348;
;0;349;349;
;0;350;350;
;0;351;351;
;0;352;352;
;0;353;353;
;0;354;354;
;0;355;355;
;0;356;356;
;0;357;357;
;0;358;358;
;0;359;359;
;0;360;360;
;0;361;361;
;0;362;362;
;0;363;363;
;0;364;364;
;0;365;365;
;0;366;366;
;0;367;367;
;0;368;368;
;0;369;369;
;0;370;370;
;0;371;371;
;0;372;372;
;0;373;373;
;0;374;374;
;0;375;375;
;0;376;376;
;0;377;377;
;0;378;378;
;0;379;379;
;0;380;380;
;0;381;381;
;0;382;382;
;0;383;383;
;0;384;384;
;0;385;385;
;0;386;386;
;0;387;387;
;0;388;388;
;0;389;389;
;0;390;390;
;0;391;391;
;0;392;392;
;0;393;393;
;0;394;394;
;0;395;395;
;0;396;396;
;0;397;397;
;0;398;398;
;0;399;399;
;0;400;400;
;0;401;401;
;0;402;402;
;0;403;403;
;0;404;404;
;0;405;405;
;0;406;406;
;0;407;407;
;0;408;408;
;0;409;409;
;0;410;410;
;0;411;411;
;0;412;412;
;0;413;413;
;0;414;414;
;0;415;415;
;0;416;416;
;0;417;417;
;0;418;418;
;0;419;419;
;0;420;420;
;0;421;421;
;0;422;422;
;0;423;423;
;0;424;424;
;0;425;425;
;0;426;426;
;0;427;427;
;0;428;428;
;0;429;429;
;0;430;430;
;0;431;431;
;0;432;432;
;0;433;433;
;0;434;434;
;0;435;435;
;0;436;436;
;0;437;437;
;0;438;438;
;0;439;439;
;0;440;440;
;0;441;441;
;0;442;442;
;0;443;443;
;0;444;444;
;0;445;445;
;0;446;446;
;0;447;447;
;0;448;448;
;0;449;449;
;0;450;450;
;0;451;451;
;0;452;452;
;0;453;453;
;0;454;454;
;0;455;455;
;0;456;456;
;0;457;457;
;0;458;458;
;0;459;459;
;0;460;460;
;0;461;461;
;0;462;462;
;0;463;463;
;0;464;464;
;0;465;465;
;0;466;466;
;0;467;467;
;0;468;468;
;0;469;469;
;0;470;470;
;0;471;471;
;0;472;472;
;0;473;473;
;0;474;474;
;0;475;475;
;0;476;476;
;0;477;477;
;0;478;478;
;0;479;479;
;0;480;480;
;0;481;481;
;0;482;482;
;0;483;483;
;0;484;484;
;0;485;485;
;0;486;486;
;0;487;487;
;0;488;488;
;0;489;489;
;0;490;490;
;0;491;491;
;0;492;492;
;0;493;493;
;0;494;494;
;0;495;495;
;0;496;496;
;0;497;497;
;0;498;498;
;0;499;499;
;0;500;500;
;0;501;501;
;0;502;502;
;0;503;503;
;0;504;504;
;0;505;505;
;0;506;506;
;0;507;507;
;0;508;508;
;0;509;509;
;0;510;510;
;13;511;511;
Zeit t / s;Ereignisse N_A;Kanal n_A;Energie E_A / keV;Spannung U_A / V
0;2;0;0;0
1;2;1;1;0
2;2;2;2;0
2,999;0;3;3;0
4,001;0;4;4;0
5;0;5;5;0
6;0;6;6;0
7;0;7;7;0
8,001;0;8;8;0
9;0;9;9;0
10;0;10;10;0
11,001;0;11;11;0
12;0;12;12;0
13;0;13;13;0
14,001;0;14;14;0
15;0;15;15;0
16;0;16;16;0
17;0;17;17;0
18;0;18;18;0
19;0;19;19;0
20;0;20;20;0
21;0;21;21;0
22;1;22;22;0
23;1;23;23;0
24,001;1;24;24;0
25;4;25;25;0
26;7;26;26;0
27;8;27;27;0
27,999;9;28;28;0
29,001;20;29;29;0
30,001;12;30;30;0
31;21;31;31;0
32;17;32;32;0
33,001;14;33;33;0
34;15;34;34;0
35;22;35;35;0
36;20;36;36;0
37;19;37;37;0
38;19;38;38;0
39;18;39;39;0
40;22;40;40;0
41;16;41;41;0
42,001;19;42;42;0
43,001;24;43;43;0
44;25;44;44;0
45;20;45;45;0
46,001;19;46;46;0
47,001;32;47;47;0
48;21;48;48;0
48,999;21;49;49;0
50;19;50;50;0
51,001;27;51;51;0
51,999;26;52;52;0
52,999;22;53;53;0
54;23;54;54;0
55;21;55;55;0
56;19;56;56;0
57;23;57;57;0
58;22;58;58;0
59;15;59;59;0
59,999;33;60;60;0
61,001;19;61;61;0
61,999;32;62;62;0
62,999;29;63;63;0
64;17;64;64;0
65;27;65;65;0
65,999;37;66;66;0
67;24;67;67;0
67,999;28;68;68;0
69,001;23;69;69;0
70,001;19;70;70;0
71;34;71;71;0
71,999;34;72;72;0
73,001;29;73;73;0
74;22;74;74;0
74,999;28;75;75;0
76;33;76;76;0
77;32;77;77;0
77,999;28;78;78;0
78,999;31;79;79;0
79,999;26;80;80;0
81;33;81;81;0
82,001;34;82;82;0
83,001;34;83;83;0
84,001;35;84;84;0
84,999;43;85;85;0
86;33;86;86;0
87;36;87;87;0
88;27;88;88;0
89;33;89;89;0
90;33;90;90;0
91,001;26;91;91;0
92;25;92;92;0
93;28;93;93;0
94;31;94;94;0
95;34;95;95;0
96,001;29;96;96;0
97;27;97;97;0
97,999;25;98;98;0
99,001;28;99;99;0
99,999;32;100;100;0
101;18;101;101;0
102;23;102;102;0
103;22;103;103;0
104;35;104;104;0
105;34;105;105;0
106;40;106;106;0
107;60;107;107;0
108;58;108;108;0
109;68;109;109;0
109,999;61;110;110;0
111;67;111;111;0
111,999;52;112;112;0
113;48;113;113;0
113,999;42;114;114;0
115;39;115;115;0
116;31;116;116;0
117;29;117;117;0
118;28;118;118;0
119;21;119;119;0
119,999;19;120;120;0
121;13;121;121;0
121,999;27;122;122;0
123;25;123;123;0
124;35;124;124;0
125;28;125;125;0
126;35;126;126;0
127;52;127;127;0
128;63;128;128;0
129;62;129;129;0
130;67;130;130;0
131;70;131;131;0
131,999;62;132;132;0
133;57;133;133;0
133,999;41;134;134;0
134,999;36;135;135;0
135,999;29;136;136;0
137;26;137;137;0
137,999;29;138;138;0
138,999;19;139;139;0
140,001;23;140;140;0
140,999;23;141;141;0
142,001;17;142;142;0
143;27;143;143;0
144;23;144;144;0
145,001;39;145;145;0
146;24;146;146;0
147;24;147;147;0
148;29;148;148;0
149;31;149;149;0
149,999;37;150;150;0
151;33;151;151;0
152,001;23;152;152;0
153,001;37;153;153;0
154;29;154;154;0
155;37;155;155;0
156;18;156;156;0
157;35;157;157;0
158,001;28;158;158;0
159;33;159;159;0
160,001;28;160;160;0
161;30;161;161;0
162,001;22;162;162;0
163;28;163;163;0
164,001;29;164;164;0
165;31;165;165;0
166;27;166;166;0
167,001;24;167;167;0
168,001;21;168;168;0
169,001;28;169;169;0
170;25;170;170;0
171;21;171;171;0
172;24;172;172;0
173;43;173;173;0
174;28;174;174;0
175,001;30;175;175;0
176,001;38;176;176;0
177;38;177;177;0
178,001;40;178;178;0
179;48;179;179;0
180;48;180;180;0
181;53;181;181;0
182;41;182;182;0
183,001;52;183;183;0
184;40;184;184;0
185;49;185;185;0
186;65;186;186;0
186,999;60;187;187;0
188;82;188;188;0
189;94;189;189;0
189,999;154;190;190;0
191;252;191;191;0
192,001;373;192;192;0
193;675;193;193;0
194;1142;194;194;0
195;1661;195;195;0
196;2002;196;196;0
197,001;2073;197;197;0
198;2005;198;198;0
199;1708;199;199;0
200;1484;200;200;0
;1082;201;201;
;673;202;202;
;410;203;203;
;235;204;204;
;116;205;205;
;43;206;206;
;46;207;207;
;19;208;208;
;33;209;209;
;22;210;210;
;23;211;211;
;16;212;212;
;21;213;213;
;32;214;214;
;40;215;215;
;63;216;216;
;88;217;217;
;174;218;218;
;227;219;219;
;270;220;220;
;308;221;221;
;291;222;222;
;276;223;223;
;219;224;224;
;181;225;225;
;122;226;226;
;71;227;227;
;62;228;228;
;23;229;229;
;19;230;230;
;10;231;231;
;7;232;232;
;3;233;233;
;2;234;234;
;1;235;235;
;8;236;236;
;0;237;237;
;2;238;238;
;0;239;239;
;1;240;240;
;1;241;241;
;0;242;242;
;0;243;243;
;6;244;244;
;0;245;245;
;1;246;246;
;0;247;247;
;3;248;248;
;1;249;249;
;0;250;250;
;2;251;251;
;1;252;252;
;2;253;253;
;1;254;254;
;1;255;255;
;1;256;256;
;0;257;257;
;1;258;258;
;2;259;259;
;0;260;260;
;2;261;261;
;0;262;262;
;1;263;263;
;1;264;264;
;1;265;265;
;1;266;266;
;3;267;267;
;0;268;268;
;0;269;269;
;2;270;270;
;1;271;271;
;0;272;272;
;0;273;273;
;1;274;274;
;1;275;275;
;1;276;276;
;1;277;277;
;1;278;278;
;2;279;279;
;1;280;280;
;1;281;281;
;0;282;282;
;1;283;283;
;1;284;284;
;1;285;285;
;1;286;286;
;3;287;287;
;0;288;288;
;3;289;289;
;2;290;290;
;2;291;291;
;1;292;292;
;2;293;293;
;2;294;294;
;5;295;295;
;0;296;296;
;2;297;297;
;3;298;298;
;1;299;299;
;2;300;300;
;1;301;301;
;2;302;302;
;0;303;303;
;2;304;304;
;0;305;305;
;1;306;306;
;0;307;307;
;2;308;308;
;2;309;309;
;1;310;310;
;3;311;311;
;0;312;312;
;0;313;313;
;0;314;314;
;1;315;315;
;1;316;316;
;1;317;317;
;1;318;318;
;1;319;319;
;2;320;320;
;0;321;321;
;4;322;322;
;1;323;323;
;1;324;324;
;1;325;325;
;1;326;326;
;0;327;327;
;0;328;328;
;0;329;329;
;0;330;330;
;1;331;331;
;0;332;332;
;0;333;333;
;1;334;334;
;1;335;335;
;1;336;336;
;0;337;337;
;0;338;338;
;0;339;339;
;0;340;340;
;1;341;341;
;0;342;342;
;0;343;343;
;0;344;344;
;0;345;345;
;0;346;346;
;1;347;347;
;1;348;348;
;0;349;349;
;0;350;350;
;0;351;351;
;0;352;352;
;1;353;353;
;0;354;354;
;0;355;355;
;0;356;356;
;0;357;357;
;0;358;358;
;1;359;359;
;0;360;360;
;0;361;361;
;0;362;362;
;1;363;363;
;1;364;364;
;0;365;365;
;2;366;366;
;0;367;367;
;1;368;368;
;1;369;369;
;1;370;370;
;0;371;371;
;1;372;372;
;1;373;373;
;0;374;374;
;1;375;375;
;2;376;376;
;0;377;377;
;0;378;378;
;0;379;379;
;0;380;380;
;1;381;381;
;0;382;382;
;0;383;383;
;2;384;384;
;0;385;385;
;0;386;386;
;0;387;387;
;0;388;388;
;0;389;389;
;0;390;390;
;2;391;391;
;0;392;392;
;0;393;393;
;1;394;394;
;0;395;395;
;0;396;396;
;0;397;397;
;0;398;398;
;0;399;399;
;0;400;400;
;0;401;401;
;0;402;402;
;0;403;403;
;0;404;404;
;0;405;405;
;0;406;406;
;0;407;407;
;0;408;408;
;0;409;409;
;0;410;410;
;0;411;411;
;0;412;412;
;0;413;413;
;0;414;414;
;0;415;415;
;0;416;416;
;0;417;417;
;0;418;418;
;0;419;419;
;0;420;420;
;0;421;421;
;0;422;422;
;0;423;423;
;0;424;424;
;0;425;425;
;0;426;426;
;0;427;427;
;0;428;428;
;0;429;429;
;0;430;430;
;0;431;431;
;0;432;432;
;0;433;433;
;0;434;434;
;0;435;435;
;0;436;436;
;0;437;437;
;0;438;438;
;0;439;439;
;0;440;440;
;0;441;441;
;0;442;442;
;0;443;443;
;0;444;444;
;0;445;445;
;0;446;446;
;0;447;447;
;0;448;448;
;0;449;449;
;0;450;450;
;0;451;451;
;0;452;452;
;0;453;453;
;0;454;454;
;0;455;455;
;0;456;456;
;0;457;457;
;0;458;458;
;0;459;459;
;0;460;460;
;0;461;461;
;0;462;462;
;0;463;463;
;0;464;464;
;0;465;465;
;0;466;466;
;0;467;467;
;0;468;468;
;0;469;469;
;0;470;470;
;0;471;471;
;0;472;472;
;0;473;473;
;0;474;474;
;0;475;475;
;0;476;476;
;0;477;477;
;0;478;478;
;0;479;479;
;0;480;480;
;0;481;481;
;0;482;482;
;0;483;483;
;0;484;484;
;0;485;485;
;0;486;486;
;0;487;487;
;0;488;488;
;0;489;489;
;0;490;490;
;0;491;491;
;0;492;492;
;0;493;493;
;0;494;494;
;0;495;495;
;0;496;496;
;0;497;497;
;0;498;498;
;0;499;499;
;0;500;500;
;0;501;501;
;0;502;502;
;0;503;503;
;0;504;504;
;0;505;505;
;0;506;506;
;0;507;507;
;0;508;508;
;0;509;509;
;0;510;510;
;15;511;511;
Zeit t / s;Ereignisse N_A;Kanal n_A;Energie E_A / keV;Spannung U_A / V
0;16;0;0;0
1,001;7;1;1;0
2,001;3;2;2;0
3,001;1;3;3;0
4,001;0;4;4;0
5,001;0;5;5;0
6;0;6;6;0
7,001;0;7;7;0
8,001;0;8;8;0
9;0;9;9;0
10;0;10;10;0
11;0;11;11;0
12;0;12;12;0
13,001;0;13;13;0
14,001;1;14;14;0
15,001;0;15;15;0
16,001;0;16;16;0
17;0;17;17;0
18;0;18;18;0
19;0;19;19;0
20,001;0;20;20;0
21;0;21;21;0
22;3;22;22;0
23;6;23;23;0
24;7;24;24;0
25;11;25;25;0
25,999;14;26;26;0
27;29;27;27;0
28;27;28;28;0
28,999;30;29;29;0
30;46;30;30;0
31,001;49;31;31;0
32,001;46;32;32;0
33;47;33;33;0
34,001;45;34;34;0
35;56;35;35;0
36;62;36;36;0
37;73;37;37;0
38;54;38;38;0
39,001;73;39;39;0
40;67;40;40;0
41;69;41;41;0
42;68;42;42;0
43;83;43;43;0
44;85;44;44;0
45,001;68;45;45;0
46;89;46;46;0
47;72;47;47;0
47,999;78;48;48;0
49;80;49;49;0
50;96;50;50;0
50,999;82;51;51;0
52;89;52;52;0
53,001;84;53;53;0
54;90;54;54;0
55;94;55;55;0
56,001;93;56;56;0
57;98;57;57;0
58,001;93;58;58;0
59;94;59;59;0
60;108;60;60;0
61;115;61;61;0
62,001;142;62;62;0
63;141;63;63;0
64;147;64;64;0
65;149;65;65;0
66;147;66;66;0
67;152;67;67;0
68;141;68;68;0
69,001;143;69;69;0
70;153;70;70;0
71,001;155;71;71;0
71,999;137;72;72;0
73,001;158;73;73;0
73,999;169;74;74;0
75;243;75;75;0
76;382;76;76;0
77;718;77;77;0
78;1431;78;78;0
79;2552;79;79;0
80;4308;80;80;0
81;6157;81;81;0
82;7629;82;82;0
83;8345;83;83;0
84;8032;84;84;0
85;7309;85;85;0
85,999;5875;86;86;0
87;4712;87;87;0
88;3616;88;88;0
88,999;2676;89;89;0
90;2048;90;90;0
90,999;1656;91;91;0
92;1532;92;92;0
93;1378;93;93;0
94,001;1183;94;94;0
95;958;95;95;0
95,999;733;96;96;0
97;534;97;97;0
98;377;98;98;0
98,999;199;99;99;0
100;130;100;100;0
100,999;58;101;101;0
102;43;102;102;0
103;23;103;103;0
104;19;104;104;0
105;25;105;105;0
105,999;17;106;106;0
106,999;21;107;107;0
108;25;108;108;0
109;21;109;109;0
109,999;17;110;110;0
111;19;111;111;0
112;10;112;112;0
112,999;18;113;113;0
114;13;114;114;0
114,999;10;115;115;0
116;17;116;116;0
117,001;13;117;117;0
118;13;118;118;0
118,999;12;119;119;0
120;16;120;120;0
121;14;121;121;0
122;24;122;122;0
123;26;123;123;0
124;30;124;124;0
125;32;125;125;0
126;41;126;126;0
127;68;127;127;0
128;48;128;128;0
129;78;129;129;0
129,999;72;130;130;0
131;65;131;131;0
132;82;132;132;0
132,999;57;133;133;0
133,999;58;134;134;0
135;51;135;135;0
135,999;40;136;136;0
137;57;137;137;0
137,999;35;138;138;0
139;43;139;139;0
139,999;42;140;140;0
141,001;15;141;141;0
142;24;142;142;0
143;24;143;143;0
143,999;20;144;144;0
145;18;145;145;0
146;17;146;146;0
146,999;18;147;147;0
148;11;148;148;0
149;11;149;149;0
150;18;150;150;0
151;17;151;151;0
151,999;21;152;152;0
152,999;10;153;153;0
153,999;9;154;154;0
154,999;11;155;155;0
156;15;156;156;0
156,999;17;157;157;0
158;17;158;158;0
158,999;13;159;159;0
160;11;160;160;0
160,999;17;161;161;0
162,001;17;162;162;0
163;16;163;163;0
164;16;164;164;0
165;11;165;165;0
166;22;166;166;0
167,001;24;167;167;0
168;26;168;168;0
169,001;19;169;169;0
170;15;170;170;0
171,001;17;171;171;0
172,001;14;172;172;0
173;9;173;173;0
174,001;9;174;174;0
175,001;8;175;175;0
176;7;176;176;0
177;10;177;177;0
178;8;178;178;0
179;4;179;179;0
180,001;6;180;180;0
181;5;181;181;0
182;1;182;182;0
183;5;183;183;0
184,001;3;184;184;0
185,001;6;185;185;0
186;2;186;186;0
187;2;187;187;0
188;8;188;188;0
189,001;6;189;189;0
190;6;190;190;0
191;8;191;191;0
192,001;6;192;192;0
193;10;193;193;0
194,001;17;194;194;0
195;15;195;195;0
196;12;196;196;0
197;8;197;197;0
198,001;10;198;198;0
199;15;199;199;0
200;8;200;200;0
;8;201;201;
;12;202;202;
;4;203;203;
;3;204;204;
;2;205;205;
;4;206;206;
;2;207;207;
;1;208;208;
;2;209;209;
;4;210;210;
;2;211;211;
;6;212;212;
;4;213;213;
;6;214;214;
;1;215;215;
;2;216;216;
;1;217;217;
;2;218;218;
;5;219;219;
;4;220;220;
;2;221;221;
;1;222;222;
;3;223;223;
;4;224;224;
;3;225;225;
;1;226;226;
;1;227;227;
;3;228;228;
;7;229;229;
;2;230;230;
;0;231;231;
;1;232;232;
;1;233;233;
;3;234;234;
;4;235;235;
;2;236;236;
;2;237;237;
;4;238;238;
;1;239;239;
;1;240;240;
;1;241;241;
;5;242;242;
;1;243;243;
;4;244;244;
;2;245;245;
;1;246;246;
;2;247;247;
;2;248;248;
;0;249;249;
;2;250;250;
;4;251;251;
;2;252;252;
;2;253;253;
;1;254;254;
;1;255;255;
;3;256;256;
;2;257;257;
;1;258;258;
;1;259;259;
;1;260;260;
;5;261;261;
;0;262;262;
;3;263;263;
;2;264;264;
;1;265;265;
;1;266;266;
;1;267;267;
;2;268;268;
;2;269;269;
;1;270;270;
;2;271;271;
;0;272;272;
;1;273;273;
;2;274;274;
;3;275;275;
;2;276;276;
;1;277;277;
;4;278;278;
;1;279;279;
;1;280;280;
;2;281;281;
;0;282;282;
;0;283;283;
;0;284;284;
;0;285;285;
;1;286;286;
;0;287;287;
;0;288;288;
;2;289;289;
;0;290;290;
;0;291;291;
;0;292;292;
;1;293;293;
;0;294;294;
;0;295;295;
;1;296;296;
;0;297;297;
;1;298;298;
;0;299;299;
;0;300;300;
;0;301;301;
;1;302;302;
;3;303;303;
;1;304;304;
;1;305;305;
;0;306;306;
;0;307;307;
;1;308;308;
;0;309;309;
;0;310;310;
;1;311;311;
;0;312;312;
;0;313;313;
;0;314;314;
;0;315;315;
;0;316;316;
;0;317;317;
;0;318;318;
;0;319;319;
;0;320;320;
;0;321;321;
;0;322;322;
;0;323;323;
;1;324;324;
;0;325;325;
;0;326;326;
;0;327;327;
;0;328;328;
;0;329;329;
;0;330;330;
;0;331;331;
;0;332;332;
;0;333;333;
;0;334;334;
;0;335;335;
;0;336;336;
;0;337;337;
;0;338;338;
;0;339;339;
;0;340;340;
;0;341;341;
;0;342;342;
;0;343;343;
;0;344;344;
;0;345;345;
;0;346;346;
;0;347;347;
;0;348;348;
;0;349;349;
;0;350;350;
;0;351;351;
;0;352;352;
;0;353;353;
;0;354;354;
;0;355;355;
;0;356;356;
;0;357;357;
;0;358;358;
;0;359;359;
;0;360;360;
;0;361;361;
;0;362;362;
;0;363;363;
;0;364;364;
;0;365;365;
;0;366;366;
;0;367;367;
;0;368;368;
;0;369;369;
;0;370;370;
;0;371;371;
;0;372;372;
;0;373;373;
;0;374;374;
;0;375;375;
;0;376;376;
;0;377;377;
;0;378;378;
;0;379;379;
;0;380;380;
;0;381;381;
;0;382;382;
;0;383;383;
;0;384;384;
;0;385;385;
;0;386;386;
;0;387;387;
;0;388;388;
;0;389;389;
;0;390;390;
;0;391;391;
;0;392;392;
;0;393;393;
;0;394;394;
;0;395;395;
;0;396;396;
;0;397;397;
;0;398;398;
;0;399;399;
;0;400;400;
;0;401;401;
;0;402;402;
;0;403;403;
;0;404;404;
;0;405;405;
;0;406;406;
;0;407;407;
;0;408;408;
;0;409;409;
;0;410;410;
;0;411;411;
;0;412;412;
;0;413;413;
;0;414;414;
;0;415;415;
;0;416;416;
;0;417;417;
;0;418;418;
;0;419;419;
;0;420;420;
;0;421;421;
;0;422;422;
;0;423;423;
;0;424;424;
;0;425;425;
;0;426;426;
;0;427;427;
;0;428;428;
;0;429;429;
;0;430;430;
;0;431;431;
;0;432;432;
;0;433;433;
;0;434;434;
;0;435;435;
;0;436;436;
;0;437;437;
;0;438;438;
;0;439;439;
;0;440;440;
;0;441;441;
;0;442;442;
;0;443;443;
;0;444;444;
;0;445;445;
;0;446;446;
;0;447;447;
;0;448;448;
;0;449;449;
;0;450;450;
;0;451;451;
;0;452;452;
;0;453;453;
;0;454;454;
;0;455;455;
;0;456;456;
;0;457;457;
;0;458;458;
;0;459;459;
;0;460;460;
;0;461;461;
;0;462;462;
;0;463;463;
;0;464;464;
;0;465;465;
;0;466;466;
;0;467;467;
;0;468;468;
;0;469;469;
;0;470;470;
;0;471;471;
;0;472;472;
;0;473;473;
;0;474;474;
;0;475;475;
;0;476;476;
;0;477;477;
;0;478;478;
;0;479;479;
;0;480;480;
;0;481;481;
;0;482;482;
;0;483;483;
;0;484;484;
;0;485;485;
;0;486;486;
;0;487;487;
;0;488;488;
;0;489;489;
;0;490;490;
;0;491;491;
;0;492;492;
;0;493;493;
;0;494;494;
;0;495;495;
;0;496;496;
;0;497;497;
;0;498;498;
;0;499;499;
;0;500;500;
;0;501;501;
;0;502;502;
;0;503;503;
;0;504;504;
;0;505;505;
;0;506;506;
;0;507;507;
;0;508;508;
;0;509;509;
;0;510;510;
;15;511;511;
Zeit t / s;Ereignisse N_A;Kanal n_A;Energie E_A / keV;Spannung U_A / V
0;11;0;0;0
1;11;1;1;0
2;7;2;2;0
3;1;3;3;0
4,001;0;4;4;0
5,001;0;5;5;0
6,001;0;6;6;0
7,001;0;7;7;0
8;0;8;8;0
9;0;9;9;0
10,001;0;10;10;0
11;0;11;11;0
12;0;12;12;0
13,001;0;13;13;0
14,001;0;14;14;0
15;0;15;15;0
16;0;16;16;0
17,001;0;17;17;0
18;0;18;18;0
19;0;19;19;0
20;0;20;20;0
21,001;1;21;21;0
22,001;3;22;22;0
23;4;23;23;0
24;9;24;24;0
25;10;25;25;0
26;18;26;26;0
27;18;27;27;0
28,002;31;28;28;0
29;38;29;29;0
30;54;30;30;0
31;61;31;31;0
32;38;32;32;0
33;62;33;33;0
34;83;34;34;0
35;50;35;35;0
36;69;36;36;0
37;57;37;37;0
38;68;38;38;0
39;59;39;39;0
40;70;40;40;0
41;85;41;41;0
42;63;42;42;0
43;77;43;43;0
44,001;78;44;44;0
45,002;71;45;45;0
46,001;71;46;46;0
47;78;47;47;0
48;86;48;48;0
48,999;104;49;49;0
50;83;50;50;0
51;92;51;51;0
52,001;106;52;52;0
53,001;95;53;53;0
54,001;90;54;54;0
55;92;55;55;0
56;109;56;56;0
57;88;57;57;0
58;90;58;58;0
59;89;59;59;0
60;105;60;60;0
61;96;61;61;0
62;105;62;62;0
63;98;63;63;0
64;110;64;64;0
65;110;65;65;0
66;142;66;66;0
67;123;67;67;0
68;161;68;68;0
69,001;154;69;69;0
70,001;145;70;70;0
71,001;163;71;71;0
72,001;155;72;72;0
73;127;73;73;0
74;147;74;74;0
74,999;135;75;75;0
76;140;76;76;0
77;155;77;77;0
78;165;78;78;0
79,002;164;79;79;0
80;183;80;80;0
81;222;81;81;0
82;315;82;82;0
83;644;83;83;0
84;1204;84;84;0
85;2324;85;85;0
86,001;3836;86;86;0
87;6019;87;87;0
88,001;8029;88;88;0
89;9184;89;89;0
90;9358;90;90;0
90,999;8737;91;91;0
92;7525;92;92;0
93;5951;93;93;0
94;4496;94;94;0
95;3343;95;95;0
96;2254;96;96;0
97;1852;97;97;0
98;1603;98;98;0
99;1604;99;99;0
100;1484;100;100;0
100,999;1352;101;101;0
102;1125;102;102;0
103;956;103;103;0
104;663;104;104;0
104,999;414;105;105;0
105,999;332;106;106;0
106,999;147;107;107;0
107,999;93;108;108;0
109;49;109;109;0
110,001;55;110;110;0
111;22;111;111;0
112;29;112;112;0
113;12;113;113;0
113,999;24;114;114;0
114,999;19;115;115;0
115,999;15;116;116;0
117;17;117;117;0
118;15;118;118;0
118,999;17;119;119;0
120,001;12;120;120;0
121;16;121;121;0
122;14;122;122;0
123;21;123;123;0
123,999;22;124;124;0
125,001;21;125;125;0
126;20;126;126;0
127;18;127;127;0
128;20;128;128;0
128,999;24;129;129;0
129,999;23;130;130;0
130,999;23;131;131;0
132;20;132;132;0
132,999;31;133;133;0
134;37;134;134;0
134,999;49;135;135;0
136;50;136;136;0
136,999;62;137;137;0
138;78;138;138;0
138,999;74;139;139;0
139,999;71;140;140;0
140,999;78;141;141;0
142;76;142;142;0
143;69;143;143;0
144;63;144;144;0
144,999;69;145;145;0
146;45;146;146;0
147;35;147;147;0
147,999;49;148;148;0
148,999;42;149;149;0
150;37;150;150;0
150,999;23;151;151;0
151,999;39;152;152;0
153;25;153;153;0
153,999;22;154;154;0
155;17;155;155;0
155,999;16;156;156;0
156,999;17;157;157;0
157,999;18;158;158;0
159,001;21;159;159;0
160;23;160;160;0
161;21;161;161;0
162;23;162;162;0
163;13;163;163;0
164;9;164;164;0
165;8;165;165;0
166;16;166;166;0
167;6;167;167;0
168;22;168;168;0
168,999;12;169;169;0
170;16;170;170;0
171;16;171;171;0
172,001;17;172;172;0
173;21;173;173;0
173,999;25;174;174;0
174,999;15;175;175;0
176;15;176;176;0
177;24;177;177;0
178;21;178;178;0
179,001;20;179;179;0
180;26;180;180;0
181,001;28;181;181;0
182;16;182;182;0
182,999;21;183;183;0
184;18;184;184;0
185,001;17;185;185;0
186;16;186;186;0
187,001;12;187;187;0
188;13;188;188;0
189;10;189;189;0
190,001;8;190;190;0
191;13;191;191;0
192;12;192;192;0
193;14;193;193;0
194,001;13;194;194;0
195;17;195;195;0
196,001;16;196;196;0
197,001;16;197;197;0
198;14;198;198;0
199;8;199;199;0
;7;200;200;
;4;201;201;
;9;202;202;
;5;203;203;
;4;204;204;
;4;205;205;
;3;206;206;
;2;207;207;
;5;208;208;
;7;209;209;
;3;210;210;
;0;211;211;
;4;212;212;
;8;213;213;
;2;214;214;
;3;215;215;
;0;216;216;
;1;217;217;
;3;218;218;
;3;219;219;
;9;220;220;
;8;221;221;
;5;222;222;
;5;223;223;
;4;224;224;
;8;225;225;
;0;226;226;
;5;227;227;
;1;228;228;
;2;229;229;
;0;230;230;
;5;231;231;
;2;232;232;
;1;233;233;
;2;234;234;
;0;235;235;
;3;236;236;
;1;237;237;
;1;238;238;
;0;239;239;
;3;240;240;
;2;241;241;
;2;242;242;
;1;243;243;
;2;244;244;
;2;245;245;
;4;246;246;
;2;247;247;
;2;248;248;
;3;249;249;
;1;250;250;
;1;251;251;
;0;252;252;
;1;253;253;
;3;254;254;
;2;255;255;
;2;256;256;
;3;257;257;
;1;258;258;
;0;259;259;
;1;260;260;
;3;261;261;
;3;262;262;
;1;263;263;
;0;264;264;
;0;265;265;
;2;266;266;
;2;267;267;
;0;268;268;
;2;269;269;
;1;270;270;
;3;271;271;
;0;272;272;
;2;273;273;
;1;274;274;
;3;275;275;
;2;276;276;
;1;277;277;
;4;278;278;
;0;279;279;
;1;280;280;
;4;281;281;
;1;282;282;
;0;283;283;
;0;284;284;
;1;285;285;
;1;286;286;
;0;287;287;
;0;288;288;
;1;289;289;
;0;290;290;
;0;291;291;
;0;292;292;
;0;293;293;
;0;294;294;
;0;295;295;
;0;296;296;
;0;297;297;
;0;298;298;
;0;299;299;
;1;300;300;
;0;301;301;
;0;302;302;
;3;303;303;
;0;304;304;
;0;305;305;
;0;306;306;
;0;307;307;
;0;308;308;
;1;309;309;
;0;310;310;
;0;311;311;
;0;312;312;
;0;313;313;
;0;314;314;
;1;315;315;
;0;316;316;
;0;317;317;
;0;318;318;
;0;319;319;
;0;320;320;
;0;321;321;
;0;322;322;
;0;323;323;
;0;324;324;
;0;325;325;
;0;326;326;
;0;327;327;
;0;328;328;
;0;329;329;
;0;330;330;
;0;331;331;
;0;332;332;
;0;333;333;
;0;334;334;
;0;335;335;
;0;336;336;
;0;337;337;
;0;338;338;
;0;339;339;
;0;340;340;
;0;341;341;
;0;342;342;
;0;343;343;
;0;344;344;
;0;345;345;
;0;346;346;
;0;347;347;
;0;348;348;
;0;349;349;
;0;350;350;
;0;351;351;
;0;352;352;
;0;353;353;
;0;354;354;
;0;355;355;
;0;356;356;
;0;357;357;
;0;358;358;
;0;359;359;
;0;360;360;
;0;361;361;
;0;362;362;
;0;363;363;
;0;364;364;
;0;365;365;
;0;366;366;
;0;367;367;
;0;368;368;
;0;369;369;
;0;370;370;
;0;371;371;
;0;372;372;
;0;373;373;
;0;374;374;
;0;375;375;
;0;376;376;
;0;377;377;
;0;378;378;
;0;379;379;
;0;380;380;
;0;381;381;
;0;382;382;
;0;383;383;
;0;384;384;
;0;385;385;
;0;386;386;
;0;387;387;
;0;388;388;
;0;389;389;
;0;390;390;
;0;391;391;
;0;392;392;
;0;393;393;
;0;394;394;
;0;395;395;
;0;396;396;
;0;397;397;
;0;398;398;
;0;399;399;
;0;400;400;
;0;401;401;
;0;402;402;
;0;403;403;
;0;404;404;
;0;405;405;
;0;406;406;
;0;407;407;
;0;408;408;
;0;409;409;
;0;410;410;
;0;411;411;
;0;412;412;
;0;413;413;
;0;414;414;
;0;415;415;
;0;416;416;
;0;417;417;
;0;418;418;
;0;419;419;
;0;420;420;
;0;421;421;
;0;422;422;
;0;423;423;
;0;424;424;
;0;425;425;
;0;426;426;
;0;427;427;
;0;428;428;
;0;429;429;
;0;430;430;
;0;431;431;
;0;432;432;
;0;433;433;
;0;434;434;
;0;435;435;
;0;436;436;
;0;437;437;
;0;438;438;
;0;439;439;
;0;440;440;
;0;441;441;
;0;442;442;
;0;443;443;
;0;444;444;
;0;445;445;
;0;446;446;
;0;447;447;
;0;448;448;
;0;449;449;
;0;450;450;
;0;451;451;
;0;452;452;
;0;453;453;
;0;454;454;
;0;455;455;
;0;456;456;
;0;457;457;
;0;458;458;
;0;459;459;
;0;460;460;
;0;461;461;
;0;462;462;
;0;463;463;
;0;464;464;
;0;465;465;
;0;466;466;
;0;467;467;
;0;468;468;
;0;469;469;
;0;470;470;
;0;471;471;
;0;472;472;
;0;473;473;
;0;474;474;
;0;475;475;
;0;476;476;
;0;477;477;
;0;478;478;
;0;479;479;
;0;480;480;
;0;481;481;
;0;482;482;
;0;483;483;
;0;484;484;
;0;485;485;
;0;486;486;
;0;487;487;
;0;488;488;
;0;489;489;
;0;490;490;
;0;491;491;
;0;492;492;
;0;493;493;
;0;494;494;
;0;495;495;
;0;496;496;
;0;497;497;
;0;498;498;
;0;499;499;
;0;500;500;
;0;501;501;
;0;502;502;
;0;503;503;
;0;504;504;
;0;505;505;
;0;506;506;
;0;507;507;
;0;508;508;
;0;509;509;
;0;510;510;
;16;511;511;
Zeit t / s;Ereignisse N_A;Kanal n_A;Energie E_A / keV;Spannung U_A / V
0;19;0;0;0
1;19;1;1;0
2;7;2;2;0
3;1;3;3;0
4;0;4;4;0
5;0;5;5;0
6;0;6;6;0
7,001;0;7;7;0
8,001;0;8;8;0
8,999;0;9;9;0
10;0;10;10;0
11;0;11;11;0
11,999;0;12;12;0
13;0;13;13;0
14,001;0;14;14;0
15;0;15;15;0
16,001;0;16;16;0
17;0;17;17;0
18;0;18;18;0
19;1;19;19;0
20;2;20;20;0
21;2;21;21;0
22;2;22;22;0
23,001;4;23;23;0
24,001;7;24;24;0
25,001;7;25;25;0
26;24;26;26;0
27;30;27;27;0
27,999;31;28;28;0
28,999;52;29;29;0
29,999;38;30;30;0
31;55;31;31;0
32,001;60;32;32;0
33;69;33;33;0
33,999;68;34;34;0
35,001;48;35;35;0
36,001;74;36;36;0
37;72;37;37;0
38;56;38;38;0
38,999;81;39;39;0
40;71;40;40;0
41;43;41;41;0
41,999;62;42;42;0
43;65;43;43;0
44,001;70;44;44;0
45;74;45;45;0
46;75;46;46;0
47;86;47;47;0
48;76;48;48;0
49;70;49;49;0
50;91;50;50;0
51;72;51;51;0
52;89;52;52;0
53;87;53;53;0
54;84;54;54;0
55;98;55;55;0
56;94;56;56;0
57;89;57;57;0
58;118;58;58;0
59;94;59;59;0
59,999;95;60;60;0
61,001;109;61;61;0
62;101;62;62;0
63;117;63;63;0
64;101;64;64;0
64,999;98;65;65;0
66;117;66;66;0
67,001;101;67;67;0
68;104;68;68;0
69;121;69;69;0
70;121;70;70;0
71;121;71;71;0
72;125;72;72;0
73;133;73;73;0
73,999;150;74;74;0
74,999;164;75;75;0
76,001;163;76;76;0
77,001;150;77;77;0
78;139;78;78;0
79;148;79;79;0
79,999;148;80;80;0
81;145;81;81;0
81,999;159;82;82;0
83;161;83;83;0
84;155;84;84;0
85;178;85;85;0
86,001;202;86;86;0
87;209;87;87;0
87,999;278;88;88;0
89,001;456;89;89;0
89,999;866;90;90;0
91;1580;91;91;0
91,999;2861;92;92;0
93;4890;93;93;0
93,999;7080;94;94;0
95;9067;95;95;0
96;9742;96;96;0
96,999;9869;97;97;0
98;9076;98;98;0
99;7818;99;99;0
100;6049;100;100;0
100,999;4426;101;101;0
102;3087;102;102;0
102,999;2157;103;103;0
104,001;1655;104;104;0
105;1565;105;105;0
106;1614;106;106;0
107;1598;107;107;0
108,001;1485;108;108;0
108,999;1328;109;109;0
109,999;1054;110;110;0
111,001;837;111;111;0
111,999;587;112;112;0
113;381;113;113;0
113,999;259;114;114;0
115;163;115;115;0
116,001;95;116;116;0
117;74;117;117;0
118;45;118;118;0
119;30;119;119;0
120;24;120;120;0
121;33;121;121;0
122;28;122;122;0
123;33;123;123;0
124;26;124;124;0
125;23;125;125;0
125,999;19;126;126;0
126,999;26;127;127;0
128;19;128;128;0
128,999;19;129;129;0
130;16;130;130;0
130,999;21;131;131;0
131,999;25;132;132;0
133;19;133;133;0
134;24;134;134;0
135;18;135;135;0
135,999;16;136;136;0
136,999;14;137;137;0
138;20;138;138;0
139;22;139;139;0
139,999;24;140;140;0
141;27;141;141;0
141,999;21;142;142;0
143,001;36;143;143;0
143,999;43;144;144;0
144,999;52;145;145;0
145,999;52;146;146;0
147;63;147;147;0
148;91;148;148;0
148,999;101;149;149;0
149,999;81;150;150;0
150,999;84;151;151;0
152;95;152;152;0
152,999;93;153;153;0
154;65;154;154;0
155;65;155;155;0
155,999;67;156;156;0
157;49;157;157;0
158;42;158;158;0
158,999;42;159;159;0
160;35;160;160;0
160,999;34;161;161;0
162;35;162;162;0
163;33;163;163;0
164;44;164;164;0
165;26;165;165;0
165,999;22;166;166;0
167;18;167;167;0
168;19;168;168;0
169;16;169;169;0
170;19;170;170;0
171;23;171;171;0
172;18;172;172;0
173,001;23;173;173;0
173,999;23;174;174;0
175;26;175;175;0
176;18;176;176;0
177;16;177;177;0
178;19;178;178;0
178,999;21;179;179;0
180;13;180;180;0
181,001;13;181;181;0
182,001;18;182;182;0
183;16;183;183;0
183,999;20;184;184;0
185,001;20;185;185;0
185,999;23;186;186;0
187,001;14;187;187;0
188,001;28;188;188;0
189;20;189;189;0
189,999;21;190;190;0
191,001;31;191;191;0
191,999;22;192;192;0
193;24;193;193;0
194,001;34;194;194;0
195;32;195;195;0
196;25;196;196;0
197;30;197;197;0
198,001;23;198;198;0
199;22;199;199;0
200;12;200;200;0
;11;201;201;
;9;202;202;
;6;203;203;
;7;204;204;
;6;205;205;
;7;206;206;
;7;207;207;
;3;208;208;
;1;209;209;
;1;210;210;
;2;211;211;
;1;212;212;
;1;213;213;
;4;214;214;
;1;215;215;
;4;216;216;
;3;217;217;
;5;218;218;
;5;219;219;
;6;220;220;
;3;221;221;
;7;222;222;
;5;223;223;
;4;224;224;
;4;225;225;
;8;226;226;
;1;227;227;
;4;228;228;
;3;229;229;
;2;230;230;
;3;231;231;
;3;232;232;
;3;233;233;
;4;234;234;
;4;235;235;
;4;236;236;
;2;237;237;
;2;238;238;
;4;239;239;
;4;240;240;
;2;241;241;
;3;242;242;
;2;243;243;
;3;244;244;
;2;245;245;
;1;246;246;
;2;247;247;
;3;248;248;
;2;249;249;
;4;250;250;
;0;251;251;
;2;252;252;
;1;253;253;
;2;254;254;
;2;255;255;
;0;256;256;
;1;257;257;
;3;258;258;
;1;259;259;
;0;260;260;
;1;261;261;
;1;262;262;
;1;263;263;
;1;264;264;
;1;265;265;
;0;266;266;
;0;267;267;
;2;268;268;
;0;269;269;
;0;270;270;
;2;271;271;
;2;272;272;
;1;273;273;
;0;274;274;
;2;275;275;
;0;276;276;
;0;277;277;
;0;278;278;
;2;279;279;
;0;280;280;
;1;281;281;
;1;282;282;
;1;283;283;
;2;284;284;
;1;285;285;
;0;286;286;
;0;287;287;
;0;288;288;
;0;289;289;
;0;290;290;
;2;291;291;
;2;292;292;
;0;293;293;
;1;294;294;
;0;295;295;
;0;296;296;
;0;297;297;
;0;298;298;
;0;299;299;
;0;300;300;
;1;301;301;
;0;302;302;
;0;303;303;
;1;304;304;
;1;305;305;
;1;306;306;
;0;307;307;
;0;308;308;
;0;309;309;
;1;310;310;
;0;311;311;
;0;312;312;
;0;313;313;
;0;314;314;
;0;315;315;
;0;316;316;
;1;317;317;
;0;318;318;
;0;319;319;
;0;320;320;
;0;321;321;
;0;322;322;
;0;323;323;
;0;324;324;
;0;325;325;
;0;326;326;
;0;327;327;
;0;328;328;
;0;329;329;
;0;330;330;
;0;331;331;
;0;332;332;
;0;333;333;
;0;334;334;
;0;335;335;
;0;336;336;
;0;337;337;
;0;338;338;
;0;339;339;
;0;340;340;
;0;341;341;
;0;342;342;
;0;343;343;
;0;344;344;
;0;345;345;
;0;346;346;
;0;347;347;
;0;348;348;
;0;349;349;
;0;350;350;
;0;351;351;
;0;352;352;
;0;353;353;
;0;354;354;
;0;355;355;
;0;356;356;
;0;357;357;
;0;358;358;
;0;359;359;
;0;360;360;
;0;361;361;
;0;362;362;
;0;363;363;
;0;364;364;
;0;365;365;
;0;366;366;
;0;367;367;
;0;368;368;
;0;369;369;
;0;370;370;
;0;371;371;
;0;372;372;
;0;373;373;
;0;374;374;
;0;375;375;
;0;376;376;
;0;377;377;
;0;378;378;
;0;379;379;
;0;380;380;
;0;381;381;
;0;382;382;
;0;383;383;
;0;384;384;
;0;385;385;
;0;386;386;
;0;387;387;
;0;388;388;
;0;389;389;
;0;390;390;
;0;391;391;
;0;392;392;
;0;393;393;
;0;394;394;
;0;395;395;
;0;396;396;
;0;397;397;
;0;398;398;
;0;399;399;
;0;400;400;
;0;401;401;
;0;402;402;
;0;403;403;
;0;404;404;
;0;405;405;
;0;406;406;
;0;407;407;
;0;408;408;
;0;409;409;
;0;410;410;
;0;411;411;
;0;412;412;
;0;413;413;
;0;414;414;
;0;415;415;
;0;416;416;
;0;417;417;
;0;418;418;
;0;419;419;
;0;420;420;
;0;421;421;
;0;422;422;
;0;423;423;
;0;424;424;
;0;425;425;
;0;426;426;
;0;427;427;
;0;428;428;
;0;429;429;
;0;430;430;
;0;431;431;
;0;432;432;
;0;433;433;
;0;434;434;
;0;435;435;
;0;436;436;
;0;437;437;
;0;438;438;
;0;439;439;
;0;440;440;
;0;441;441;
;0;442;442;
;0;443;443;
;0;444;444;
;0;445;445;
;0;446;446;
;0;447;447;
;0;448;448;
;0;449;449;
;0;450;450;
;0;451;451;
;0;452;452;
;0;453;453;
;0;454;454;
;0;455;455;
;0;456;456;
;0;457;457;
;0;458;458;
;0;459;459;
;0;460;460;
;0;461;461;
;0;462;462;
;0;463;463;
;0;464;464;
;0;465;465;
;0;466;466;
;0;467;467;
;0;468;468;
;0;469;469;
;0;470;470;
;0;471;471;
;0;472;472;
;0;473;473;
;0;474;474;
;0;475;475;
;0;476;476;
;0;477;477;
;0;478;478;
;0;479;479;
;0;480;480;
;0;481;481;
;0;482;482;
;0;483;483;
;0;484;484;
;0;485;485;
;0;486;486;
;0;487;487;
;0;488;488;
;0;489;489;
;0;490;490;
;0;491;491;
;0;492;492;
;0;493;493;
;0;494;494;
;0;495;495;
;0;496;496;
;0;497;497;
;0;498;498;
;0;499;499;
;0;500;500;
;0;501;501;
;0;502;502;
;0;503;503;
;0;504;504;
;0;505;505;
;0;506;506;
;0;507;507;
;0;508;508;
;0;509;509;
;0;510;510;
;17;511;511;
Zeit t / s;Ereignisse N_A;Kanal n_A;Energie E_A / keV;Spannung U_A / V
0;1;0;0;0
0,999;3;1;1;0
2;1;2;2;0
3,001;1;3;3;0
4;0;4;4;0
5;0;5;5;0
5,999;0;6;6;0
7;0;7;7;0
8;0;8;8;0
9;0;9;9;0
10;0;10;10;0
11,001;0;11;11;0
12;0;12;12;0
13;0;13;13;0
14,001;0;14;14;0
15;0;15;15;0
16;0;16;16;0
17,001;0;17;17;0
18;0;18;18;0
19;0;19;19;0
20,001;0;20;20;0
21;0;21;21;0
22;0;22;22;0
23;1;23;23;0
24;0;24;24;0
25;2;25;25;0
26;4;26;26;0
27;4;27;27;0
28;7;28;28;0
29;16;29;29;0
30;20;30;30;0
31;26;31;31;0
32;25;32;32;0
33;38;33;33;0
34;36;34;34;0
35;20;35;35;0
36;27;36;36;0
37;32;37;37;0
37,999;30;38;38;0
39;29;39;39;0
40,001;23;40;40;0
41;24;41;41;0
42;30;42;42;0
42,999;32;43;43;0
43,999;45;44;44;0
45;93;45;45;0
46;191;46;46;0
47;395;47;47;0
48;737;48;48;0
49;1101;49;49;0
50;1264;50;50;0
51;1384;51;51;0
52;1289;52;52;0
53;1122;53;53;0
54,001;926;54;54;0
55,001;678;55;55;0
56;513;56;56;0
57;347;57;57;0
58;226;58;58;0
58,999;144;59;59;0
60;69;60;60;0
61,001;55;61;61;0
62;20;62;62;0
63;9;63;63;0
64;2;64;64;0
65;4;65;65;0
66,001;1;66;66;0
66,999;1;67;67;0
68,001;2;68;68;0
69;2;69;69;0
70;3;70;70;0
71;2;71;71;0
72;2;72;72;0
73,001;6;73;73;0
74;1;74;74;0
75;5;75;75;0
76;1;76;76;0
77;3;77;77;0
77,999;2;78;78;0
78,999;3;79;79;0
80;3;80;80;0
80,999;4;81;81;0
81,999;2;82;82;0
83;7;83;83;0
84;3;84;84;0
84,999;3;85;85;0
85,999;1;86;86;0
87;0;87;87;0
87,999;5;88;88;0
89;3;89;89;0
89,999;3;90;90;0
91;2;91;91;0
91,999;1;92;92;0
93;2;93;93;0
94,001;5;94;94;0
95,001;1;95;95;0
96;1;96;96;0
97;0;97;97;0
98;0;98;98;0
99;2;99;99;0
100;1;100;100;0
101;0;101;101;0
101,999;2;102;102;0
103;0;103;103;0
104;2;104;104;0
104,999;0;105;105;0
106,001;0;106;106;0
107,001;3;107;107;0
108;2;108;108;0
108,999;4;109;109;0
109,999;4;110;110;0
111;4;111;111;0
112;1;112;112;0
113;4;113;113;0
114,001;2;114;114;0
114,999;4;115;115;0
115,999;1;116;116;0
116,999;3;117;117;0
117,999;2;118;118;0
118,999;0;119;119;0
120;1;120;120;0
121;1;121;121;0
122;1;122;122;0
123;1;123;123;0
124;0;124;124;0
125;0;125;125;0
126;3;126;126;0
127,001;1;127;127;0
128;4;128;128;0
129;1;129;129;0
129,999;2;130;130;0
131;5;131;131;0
131,999;2;132;132;0
132,999;2;133;133;0
134,001;5;134;134;0
135,001;0;135;135;0
136;2;136;136;0
137;1;137;137;0
137,999;4;138;138;0
139;1;139;139;0
140;1;140;140;0
141;1;141;141;0
141,999;4;142;142;0
143;1;143;143;0
143,999;4;144;144;0
145;2;145;145;0
146,001;4;146;146;0
147;2;147;147;0
147,999;3;148;148;0
149;4;149;149;0
150;4;150;150;0
151,001;5;151;151;0
152;3;152;152;0
153;1;153;153;0
154;2;154;154;0
154,999;3;155;155;0
156;3;156;156;0
156,999;2;157;157;0
158,001;4;158;158;0
159;2;159;159;0
160;1;160;160;0
161,001;5;161;161;0
162;4;162;162;0
162,999;1;163;163;0
164;5;164;164;0
165;7;165;165;0
166;3;166;166;0
167;3;167;167;0
168,001;2;168;168;0
168,999;0;169;169;0
170;4;170;170;0
171,001;3;171;171;0
172;1;172;172;0
173;3;173;173;0
174,001;3;174;174;0
175;8;175;175;0
176,001;7;176;176;0
177,001;4;177;177;0
178;6;178;178;0
179;6;179;179;0
180,001;7;180;180;0
181;9;181;181;0
182;4;182;182;0
183,001;5;183;183;0
184;5;184;184;0
185;3;185;185;0
186;9;186;186;0
187;5;187;187;0
188;8;188;188;0
189;10;189;189;0
190;9;190;190;0
191,001;8;191;191;0
192;17;192;192;0
193;11;193;193;0
194;19;194;194;0
195,001;18;195;195;0
196;24;196;196;0
197;18;197;197;0
198;22;198;198;0
199,001;21;199;199;0
;17;200;200;
;11;201;201;
;7;202;202;
;6;203;203;
;4;204;204;
;4;205;205;
;7;206;206;
;2;207;207;
;3;208;208;
;5;209;209;
;5;210;210;
;2;211;211;
;8;212;212;
;7;213;213;
;9;214;214;
;5;215;215;
;11;216;216;
;5;217;217;
;3;218;218;
;8;219;219;
;5;220;220;
;3;221;221;
;6;222;222;
;2;223;223;
;6;224;224;
;4;225;225;
;4;226;226;
;1;227;227;
;3;228;228;
;2;229;229;
;4;230;230;
;2;231;231;
;7;232;232;
;2;233;233;
;6;234;234;
;3;235;235;
;2;236;236;
;2;237;237;
;6;238;238;
;2;239;239;
;3;240;240;
;3;241;241;
;3;242;242;
;4;243;243;
;4;244;244;
;3;245;245;
;5;246;246;
;2;247;247;
;5;248;248;
;3;249;249;
;6;250;250;
;4;251;251;
;4;252;252;
;1;253;253;
;2;254;254;
;3;255;255;
;0;256;256;
;2;257;257;
;2;258;258;
;2;259;259;
;1;260;260;
;2;261;261;
;1;262;262;
;2;263;263;
;4;264;264;
;2;265;265;
;2;266;266;
;2;267;267;
;1;268;268;
;5;269;269;
;1;270;270;
;4;271;271;
;5;272;272;
;3;273;273;
;1;274;274;
;1;275;275;
;3;276;276;
;3;277;277;
;0;278;278;
;3;279;279;
;0;280;280;
;1;281;281;
;2;282;282;
;1;283;283;
;1;284;284;
;4;285;285;
;1;286;286;
;1;287;287;
;0;288;288;
;1;289;289;
;0;290;290;
;1;291;291;
;2;292;292;
;0;293;293;
;2;294;294;
;0;295;295;
;1;296;296;
;1;297;297;
;2;298;298;
;0;299;299;
;2;300;300;
;1;301;301;
;1;302;302;
;0;303;303;
;0;304;304;
;0;305;305;
;1;306;306;
;1;307;307;
;0;308;308;
;1;309;309;
;0;310;310;
;1;311;311;
;0;312;312;
;0;313;313;
;0;314;314;
;0;315;315;
;0;316;316;
;0;317;317;
;0;318;318;
;0;319;319;
;0;320;320;
;0;321;321;
;0;322;322;
;0;323;323;
;0;324;324;
;1;325;325;
;0;326;326;
;0;327;327;
;0;328;328;
;0;329;329;
;0;330;330;
;0;331;331;
;0;332;332;
;0;333;333;
;0;334;334;
;0;335;335;
;0;336;336;
;0;337;337;
;0;338;338;
;0;339;339;
;0;340;340;
;0;341;341;
;0;342;342;
;0;343;343;
;0;344;344;
;0;345;345;
;0;346;346;
;0;347;347;
;0;348;348;
;0;349;349;
;0;350;350;
;0;351;351;
;0;352;352;
;0;353;353;
;0;354;354;
;0;355;355;
;0;356;356;
;0;357;357;
;0;358;358;
;0;359;359;
;0;360;360;
;0;361;361;
;0;362;362;
;0;363;363;
;0;364;364;
;0;365;365;
;0;366;366;
;0;367;367;
;0;368;368;
;0;369;369;
;0;370;370;
;0;371;371;
;0;372;372;
;0;373;373;
;0;374;374;
;0;375;375;
;0;376;376;
;0;377;377;
;0;378;378;
;0;379;379;
;0;380;380;
;0;381;381;
;0;382;382;
;0;383;383;
;0;384;384;
;0;385;385;
;0;386;386;
;0;387;387;
;0;388;388;
;0;389;389;
;0;390;390;
;0;391;391;
;0;392;392;
;0;393;393;
;0;394;394;
;0;395;395;
;0;396;396;
;0;397;397;
;0;398;398;
;0;399;399;
;0;400;400;
;0;401;401;
;0;402;402;
;0;403;403;
;0;404;404;
;0;405;405;
;0;406;406;
;0;407;407;
;0;408;408;
;0;409;409;
;0;410;410;
;0;411;411;
;0;412;412;
;0;413;413;
;0;414;414;
;0;415;415;
;0;416;416;
;0;417;417;
;0;418;418;
;0;419;419;
;0;420;420;
;0;421;421;
;0;422;422;
;0;423;423;
;0;424;424;
;0;425;425;
;0;426;426;
;0;427;427;
;0;428;428;
;0;429;429;
;0;430;430;
;0;431;431;
;0;432;432;
;0;433;433;
;0;434;434;
;0;435;435;
;0;436;436;
;0;437;437;
;0;438;438;
;0;439;439;
;0;440;440;
;0;441;441;
;0;442;442;
;0;443;443;
;0;444;444;
;0;445;445;
;0;446;446;
;0;447;447;
;0;448;448;
;0;449;449;
;0;450;450;
;0;451;451;
;0;452;452;
;0;453;453;
;0;454;454;
;0;455;455;
;0;456;456;
;0;457;457;
;0;458;458;
;0;459;459;
;0;460;460;
;0;461;461;
;0;462;462;
;0;463;463;
;0;464;464;
;0;465;465;
;0;466;466;
;0;467;467;
;0;468;468;
;0;469;469;
;0;470;470;
;0;471;471;
;0;472;472;
;0;473;473;
;0;474;474;
;0;475;475;
;0;476;476;
;0;477;477;
;0;478;478;
;0;479;479;
;0;480;480;
;0;481;481;
;0;482;482;
;0;483;483;
;0;484;484;
;0;485;485;
;0;486;486;
;0;487;487;
;0;488;488;
;0;489;489;
;0;490;490;
;0;491;491;
;0;492;492;
;0;493;493;
;0;494;494;
;0;495;495;
;0;496;496;
;0;497;497;
;0;498;498;
;0;499;499;
;0;500;500;
;0;501;501;
;0;502;502;
;0;503;503;
;0;504;504;
;0;505;505;
;0;506;506;
;0;507;507;
;0;508;508;
;0;509;509;
;0;510;510;
;12;511;511;
Zeit t / s;Ereignisse N_A;Kanal n_A;Energie E_A / keV;Spannung U_A / V
0;1;0;0;0
1;1;1;1;0
2;1;2;2;0
3,001;0;3;3;0
4,001;0;4;4;0
5,001;0;5;5;0
6;0;6;6;0
7;0;7;7;0
8,001;0;8;8;0
9;0;9;9;0
10;0;10;10;0
11;0;11;11;0
12,001;0;12;12;0
13;0;13;13;0
14,001;0;14;14;0
15;0;15;15;0
16;0;16;16;0
17;0;17;17;0
18;0;18;18;0
19,001;0;19;19;0
20,001;0;20;20;0
21;0;21;21;0
22;1;22;22;0
23;2;23;23;0
24;1;24;24;0
25;2;25;25;0
26;2;26;26;0
27;3;27;27;0
28;6;28;28;0
29,001;3;29;29;0
30;8;30;30;0
31;7;31;31;0
32;8;32;32;0
33,001;10;33;33;0
34,001;27;34;34;0
34,999;17;35;35;0
36;31;36;36;0
37;23;37;37;0
38;22;38;38;0
39;18;39;39;0
40;12;40;40;0
41,001;14;41;41;0
42;14;42;42;0
43;8;43;43;0
44;6;44;44;0
45,001;5;45;45;0
46;8;46;46;0
47,001;6;47;47;0
48,001;3;48;48;0
49;4;49;49;0
50;6;50;50;0
51;3;51;51;0
52;5;52;52;0
52,999;9;53;53;0
53,999;5;54;54;0
55;4;55;55;0
55,999;6;56;56;0
57;5;57;57;0
58;6;58;58;0
59;6;59;59;0
59,999;3;60;60;0
61;1;61;61;0
62;8;62;62;0
63;6;63;63;0
63,999;9;64;64;0
65;5;65;65;0
66;5;66;66;0
67;8;67;67;0
67,999;6;68;68;0
69;4;69;69;0
69,999;5;70;70;0
71;8;71;71;0
71,999;9;72;72;0
72,999;18;73;73;0
73,999;5;74;74;0
75;13;75;75;0
76;14;76;76;0
76,999;7;77;77;0
78,001;6;78;78;0
79;7;79;79;0
80;6;80;80;0
80,999;11;81;81;0
82;15;82;82;0
83;9;83;83;0
84,001;11;84;84;0
84,999;9;85;85;0
85,999;6;86;86;0
87;8;87;87;0
88;4;88;88;0
89;11;89;89;0
89,999;12;90;90;0
90,999;13;91;91;0
91,999;5;92;92;0
93;9;93;93;0
93,999;7;94;94;0
95;9;95;95;0
96;6;96;96;0
97;5;97;97;0
98;8;98;98;0
99;6;99;99;0
100,001;6;100;100;0
101,001;6;101;101;0
102;9;102;102;0
103;6;103;103;0
104;6;104;104;0
105;7;105;105;0
106;9;106;106;0
107;11;107;107;0
107,999;14;108;108;0
109;16;109;109;0
110;24;110;110;0
110,999;17;111;111;0
111,999;6;112;112;0
112,999;13;113;113;0
114,001;15;114;114;0
115;6;115;115;0
116;9;116;116;0
116,999;9;117;117;0
117,999;5;118;118;0
119;9;119;119;0
119,999;6;120;120;0
121;6;121;121;0
122;7;122;122;0
122,999;7;123;123;0
124;10;124;124;0
124,999;9;125;125;0
126;5;126;126;0
126,999;12;127;127;0
128,001;7;128;128;0
129;11;129;129;0
129,999;20;130;130;0
130,999;10;131;131;0
132;16;132;132;0
133;16;133;133;0
133,999;13;134;134;0
135;9;135;135;0
136;6;136;136;0
137;11;137;137;0
138;10;138;138;0
139;3;139;139;0
140;8;140;140;0
141;7;141;141;0
141,999;10;142;142;0
143;5;143;143;0
144;9;144;144;0
144,999;8;145;145;0
146;6;146;146;0
146,999;10;147;147;0
148;10;148;148;0
149;10;149;149;0
149,999;8;150;150;0
150,999;2;151;151;0
152;6;152;152;0
153;7;153;153;0
153,999;7;154;154;0
155;4;155;155;0
155,999;9;156;156;0
156,999;12;157;157;0
158;4;158;158;0
158,999;12;159;159;0
160;8;160;160;0
161;6;161;161;0
161,999;9;162;162;0
163,001;10;163;163;0
163,999;7;164;164;0
164,999;8;165;165;0
165,999;9;166;166;0
167;11;167;167;0
168;13;168;168;0
169;10;169;169;0
170;6;170;170;0
171;15;171;171;0
172;12;172;172;0
173;17;173;173;0
174;5;174;174;0
175;11;175;175;0
175,999;8;176;176;0
177;13;177;177;0
178;4;178;178;0
179,001;15;179;179;0
180;7;180;180;0
181,001;10;181;181;0
182;14;182;182;0
183;12;183;183;0
184;13;184;184;0
185,001;12;185;185;0
186;10;186;186;0
187;15;187;187;0
188;17;188;188;0
189,001;14;189;189;0
190;17;190;190;0
191,001;19;191;191;0
192;17;192;192;0
193;16;193;193;0
194,001;30;194;194;0
195,001;34;195;195;0
196,001;39;196;196;0
197;56;197;197;0
198;48;198;198;0
199;55;199;199;0
199,999;42;200;200;0
;31;201;201;
;25;202;202;
;19;203;203;
;19;204;204;
;11;205;205;
;11;206;206;
;11;207;207;
;15;208;208;
;10;209;209;
;12;210;210;
;17;211;211;
;14;212;212;
;11;213;213;
;7;214;214;
;12;215;215;
;13;216;216;
;13;217;217;
;13;218;218;
;19;219;219;
;18;220;220;
;15;221;221;
;19;222;222;
;20;223;223;
;12;224;224;
;15;225;225;
;8;226;226;
;8;227;227;
;6;228;228;
;6;229;229;
;6;230;230;
;10;231;231;
;8;232;232;
;6;233;233;
;8;234;234;
;13;235;235;
;12;236;236;
;15;237;237;
;12;238;238;
;11;239;239;
;7;240;240;
;20;241;241;
;34;242;242;
;63;243;243;
;102;244;244;
;148;245;245;
;221;246;246;
;282;247;247;
;306;248;248;
;321;249;249;
;290;250;250;
;249;251;251;
;156;252;252;
;120;253;253;
;104;254;254;
;38;255;255;
;24;256;256;
;11;257;257;
;7;258;258;
;2;259;259;
;4;260;260;
;1;261;261;
;3;262;262;
;6;263;263;
;3;264;264;
;2;265;265;
;3;266;266;
;1;267;267;
;3;268;268;
;7;269;269;
;3;270;270;
;7;271;271;
;10;272;272;
;4;273;273;
;11;274;274;
;17;275;275;
;36;276;276;
;41;277;277;
;37;278;278;
;37;279;279;
;42;280;280;
;47;281;281;
;31;282;282;
;27;283;283;
;19;284;284;
;9;285;285;
;12;286;286;
;8;287;287;
;1;288;288;
;1;289;289;
;1;290;290;
;0;291;291;
;1;292;292;
;0;293;293;
;0;294;294;
;0;295;295;
;0;296;296;
;1;297;297;
;0;298;298;
;0;299;299;
;1;300;300;
;0;301;301;
;0;302;302;
;0;303;303;
;0;304;304;
;0;305;305;
;0;306;306;
;0;307;307;
;0;308;308;
;0;309;309;
;2;310;310;
;0;311;311;
;0;312;312;
;1;313;313;
;0;314;314;
;0;315;315;
;0;316;316;
;0;317;317;
;0;318;318;
;0;319;319;
;0;320;320;
;0;321;321;
;0;322;322;
;0;323;323;
;0;324;324;
;0;325;325;
;0;326;326;
;0;327;327;
;1;328;328;
;0;329;329;
;0;330;330;
;0;331;331;
;0;332;332;
;0;333;333;
;0;334;334;
;0;335;335;
;0;336;336;
;0;337;337;
;0;338;338;
;0;339;339;
;0;340;340;
;0;341;341;
;0;342;342;
;0;343;343;
;0;344;344;
;0;345;345;
;0;346;346;
;0;347;347;
;0;348;348;
;0;349;349;
;0;350;350;
;0;351;351;
;0;352;352;
;0;353;353;
;0;354;354;
;0;355;355;
;0;356;356;
;1;357;357;
;0;358;358;
;0;359;359;
;0;360;360;
;0;361;361;
;0;362;362;
;0;363;363;
;0;364;364;
;0;365;365;
;1;366;366;
;0;367;367;
;0;368;368;
;0;369;369;
;0;370;370;
;0;371;371;
;0;372;372;
;0;373;373;
;0;374;374;
;0;375;375;
;0;376;376;
;0;377;377;
;0;378;378;
;0;379;379;
;0;380;380;
;0;381;381;
;0;382;382;
;0;383;383;
;0;384;384;
;0;385;385;
;1;386;386;
;0;387;387;
;0;388;388;
;0;389;389;
;0;390;390;
;0;391;391;
;0;392;392;
;0;393;393;
;1;394;394;
;0;395;395;
;0;396;396;
;0;397;397;
;0;398;398;
;0;399;399;
;0;400;400;
;0;401;401;
;0;402;402;
;0;403;403;
;0;404;404;
;0;405;405;
;0;406;406;
;0;407;407;
;0;408;408;
;0;409;409;
;0;410;410;
;0;411;411;
;0;412;412;
;0;413;413;
;1;414;414;
;0;415;415;
;0;416;416;
;0;417;417;
;0;418;418;
;0;419;419;
;0;420;420;
;0;421;421;
;0;422;422;
;0;423;423;
;0;424;424;
;0;425;425;
;0;426;426;
;0;427;427;
;0;428;428;
;0;429;429;
;0;430;430;
;0;431;431;
;0;432;432;
;0;433;433;
;0;434;434;
;0;435;435;
;0;436;436;
;0;437;437;
;0;438;438;
;0;439;439;
;0;440;440;
;0;441;441;
;0;442;442;
;1;443;443;
;0;444;444;
;0;445;445;
;0;446;446;
;0;447;447;
;0;448;448;
;0;449;449;
;0;450;450;
;0;451;451;
;0;452;452;
;0;453;453;
;0;454;454;
;0;455;455;
;0;456;456;
;0;457;457;
;0;458;458;
;0;459;459;
;0;460;460;
;0;461;461;
;0;462;462;
;0;463;463;
;0;464;464;
;0;465;465;
;0;466;466;
;0;467;467;
;0;468;468;
;0;469;469;
;0;470;470;
;0;471;471;
;0;472;472;
;0;473;473;
;0;474;474;
;0;475;475;
;0;476;476;
;0;477;477;
;0;478;478;
;0;479;479;
;0;480;480;
;0;481;481;
;0;482;482;
;0;483;483;
;0;484;484;
;0;485;485;
;0;486;486;
;0;487;487;
;0;488;488;
;0;489;489;
;0;490;490;
;0;491;491;
;0;492;492;
;0;493;493;
;0;494;494;
;0;495;495;
;0;496;496;
;0;497;497;
;0;498;498;
;0;499;499;
;0;500;500;
;0;501;501;
;0;502;502;
;0;503;503;
;0;504;504;
;0;505;505;
;0;506;506;
;0;507;507;
;0;508;508;
;0;509;509;
;0;510;510;
;12;511;511;
Zeit t / s;Ereignisse N_A;Kanal n_A;Energie E_A / keV;Spannung U_A / V
0;8;0;0;0
1;3;1;1;0
2;2;2;2;0
3;0;3;3;0
3,999;0;4;4;0
5;0;5;5;0
6;0;6;6;0
7,001;0;7;7;0
8,001;0;8;8;0
9;0;9;9;0
10,001;0;10;10;0
10,999;0;11;11;0
12;0;12;12;0
13;0;13;13;0
14,001;0;14;14;0
15;0;15;15;0
15,999;0;16;16;0
17;0;17;17;0
18;0;18;18;0
18,999;0;19;19;0
20;0;20;20;0
21;0;21;21;0
22,001;0;22;22;0
23,001;5;23;23;0
24;5;24;24;0
25;7;25;25;0
26;23;26;26;0
27;14;27;27;0
28;17;28;28;0
29;20;29;29;0
29,999;20;30;30;0
31;22;31;31;0
32,001;34;32;32;0
33;38;33;33;0
34;42;34;34;0
35,001;33;35;35;0
36,001;36;36;36;0
36,999;31;37;37;0
38;34;38;38;0
39;24;39;39;0
39,999;33;40;40;0
41,001;31;41;41;0
42;30;42;42;0
43;31;43;43;0
43,999;28;44;44;0
45;33;45;45;0
46;36;46;46;0
47;33;47;47;0
48;30;48;48;0
49;26;49;49;0
50;31;50;50;0
51;31;51;51;0
52;25;52;52;0
53;36;53;53;0
53,999;24;54;54;0
54,999;37;55;55;0
56;29;56;56;0
56,999;22;57;57;0
58;31;58;58;0
59;36;59;59;0
59,999;38;60;60;0
61;29;61;61;0
62;49;62;62;0
63;29;63;63;0
64;31;64;64;0
64,999;31;65;65;0
65,999;43;66;66;0
67;33;67;67;0
67,999;45;68;68;0
69;31;69;69;0
70;46;70;70;0
70,999;43;71;71;0
71,999;54;72;72;0
73;54;73;73;0
74;38;74;74;0
75;50;75;75;0
76;48;76;76;0
77;44;77;77;0
78;40;78;78;0
78,999;52;79;79;0
80;50;80;80;0
81;56;81;81;0
82;64;82;82;0
83;75;83;83;0
83,999;53;84;84;0
85;46;85;85;0
86;54;86;86;0
86,999;47;87;87;0
88,001;36;88;88;0
89;40;89;89;0
90;45;90;90;0
91;54;91;91;0
91,999;40;92;92;0
92,999;51;93;93;0
93,999;37;94;94;0
95;38;95;95;0
96;45;96;96;0
97,001;43;97;97;0
98;47;98;98;0
98,999;45;99;99;0
99,999;50;100;100;0
101,001;44;101;101;0
102;34;102;102;0
103;46;103;103;0
104,001;48;104;104;0
105;76;105;105;0
105,999;77;106;106;0
107;100;107;107;0
107,999;120;108;108;0
108,999;110;109;109;0
110;87;110;110;0
111;112;111;111;0
111,999;109;112;112;0
113;76;113;113;0
114;76;114;114;0
115;55;115;115;0
116;54;116;116;0
117;40;117;117;0
117,999;37;118;118;0
119;43;119;119;0
120;45;120;120;0
120,999;32;121;121;0
121,999;41;122;122;0
123;40;123;123;0
123,999;54;124;124;0
124,999;56;125;125;0
126;81;126;126;0
126,999;84;127;127;0
127,999;102;128;128;0
129;105;129;129;0
129,999;82;130;130;0
130,999;117;131;131;0
131,999;90;132;132;0
133;101;133;133;0
133,999;76;134;134;0
135;70;135;135;0
136,001;67;136;136;0
136,999;43;137;137;0
138;51;138;138;0
138,999;37;139;139;0
139,999;38;140;140;0
140,999;49;141;141;0
141,999;35;142;142;0
142,999;39;143;143;0
143,999;43;144;144;0
144,999;46;145;145;0
145,999;42;146;146;0
146,999;46;147;147;0
147,999;40;148;148;0
149;51;149;149;0
150;47;150;150;0
150,999;51;151;151;0
152;70;152;152;0
152,999;63;153;153;0
154;62;154;154;0
154,999;53;155;155;0
155,999;66;156;156;0
156,999;79;157;157;0
158;60;158;158;0
158,999;71;159;159;0
159,999;70;160;160;0
160,999;71;161;161;0
161,999;64;162;162;0
162,999;58;163;163;0
164,001;68;164;164;0
164,999;64;165;165;0
166,001;77;166;166;0
166,999;75;167;167;0
168;80;168;168;0
169,001;129;169;169;0
170;132;170;170;0
170,999;239;171;171;0
172;386;172;172;0
173,001;826;173;173;0
174;1438;174;174;0
175,001;2193;175;175;0
176;2896;176;176;0
176,999;3482;177;177;0
178,001;3852;178;178;0
179,001;3694;179;179;0
180,001;3226;180;180;0
181;2500;181;181;0
182;1925;182;182;0
183;1252;183;183;0
183,999;779;184;184;0
185;431;185;185;0
185,999;220;186;186;0
187;104;187;187;0
188;79;188;188;0
189;74;189;189;0
190;61;190;190;0
191;64;191;191;0
192,001;51;192;192;0
193;82;193;193;0
194;116;194;194;0
195;184;195;195;0
196,001;299;196;196;0
197;405;197;197;0
198;483;198;198;0
199;565;199;199;0
200;516;200;200;0
;511;201;201;
;440;202;202;
;358;203;203;
;277;204;204;
;202;205;205;
;124;206;206;
;50;207;207;
;40;208;208;
;23;209;209;
;17;210;210;
;7;211;211;
;8;212;212;
;6;213;213;
;9;214;214;
;7;215;215;
;2;216;216;
;2;217;217;
;8;218;218;
;6;219;219;
;0;220;220;
;7;221;221;
;2;222;222;
;4;223;223;
;1;224;224;
;5;225;225;
;5;226;226;
;2;227;227;
;3;228;228;
;5;229;229;
;4;230;230;
;1;231;231;
;3;232;232;
;3;233;233;
;3;234;234;
;3;235;235;
;2;236;236;
;2;237;237;
;2;238;238;
;2;239;239;
;2;240;240;
;2;241;241;
;1;242;242;
;8;243;243;
;0;244;244;
;4;245;245;
;3;246;246;
;4;247;247;
;3;248;248;
;2;249;249;
;2;250;250;
;4;251;251;
;1;252;252;
;4;253;253;
;1;254;254;
;1;255;255;
;3;256;256;
;2;257;257;
;6;258;258;
;4;259;259;
;4;260;260;
;5;261;261;
;2;262;262;
;10;263;263;
;12;264;264;
;8;265;265;
;6;266;266;
;15;267;267;
;12;268;268;
;7;269;269;
;3;270;270;
;10;271;271;
;3;272;272;
;10;273;273;
;7;274;274;
;9;275;275;
;11;276;276;
;8;277;277;
;4;278;278;
;3;279;279;
;4;280;280;
;6;281;281;
;2;282;282;
;3;283;283;
;5;284;284;
;2;285;285;
;2;286;286;
;3;287;287;
;5;288;288;
;2;289;289;
;7;290;290;
;3;291;291;
;10;292;292;
;3;293;293;
;1;294;294;
;5;295;295;
;4;296;296;
;1;297;297;
;2;298;298;
;1;299;299;
;1;300;300;
;3;301;301;
;2;302;302;
;1;303;303;
;2;304;304;
;0;305;305;
;2;306;306;
;1;307;307;
;1;308;308;
;2;309;309;
;1;310;310;
;5;311;311;
;1;312;312;
;2;313;313;
;1;314;314;
;2;315;315;
;2;316;316;
;3;317;317;
;3;318;318;
;2;319;319;
;0;320;320;
;0;321;321;
;0;322;322;
;0;323;323;
;1;324;324;
;3;325;325;
;1;326;326;
;1;327;327;
;3;328;328;
;1;329;329;
;1;330;330;
;1;331;331;
;4;332;332;
;1;333;333;
;2;334;334;
;4;335;335;
;0;336;336;
;4;337;337;
;2;338;338;
;1;339;339;
;1;340;340;
;1;341;341;
;1;342;342;
;1;343;343;
;2;344;344;
;2;345;345;
;0;346;346;
;4;347;347;
;0;348;348;
;3;349;349;
;2;350;350;
;0;351;351;
;2;352;352;
;0;353;353;
;0;354;354;
;0;355;355;
;0;356;356;
;0;357;357;
;0;358;358;
;1;359;359;
;0;360;360;
;2;361;361;
;1;362;362;
;2;363;363;
;2;364;364;
;0;365;365;
;1;366;366;
;2;367;367;
;0;368;368;
;1;369;369;
;0;370;370;
;0;371;371;
;0;372;372;
;0;373;373;
;0;374;374;
;0;375;375;
;0;376;376;
;0;377;377;
;0;378;378;
;0;379;379;
;0;380;380;
;0;381;381;
;0;382;382;
;0;383;383;
;1;384;384;
;0;385;385;
;1;386;386;
;0;387;387;
;0;388;388;
;0;389;389;
;0;390;390;
;0;391;391;
;0;392;392;
;0;393;393;
;0;394;394;
;0;395;395;
;0;396;396;
;0;397;397;
;0;398;398;
;0;399;399;
;0;400;400;
;0;401;401;
;0;402;402;
;0;403;403;
;0;404;404;
;0;405;405;
;0;406;406;
;0;407;407;
;0;408;408;
;0;409;409;
;0;410;410;
;0;411;411;
;0;412;412;
;0;413;413;
;0;414;414;
;0;415;415;
;0;416;416;
;0;417;417;
;0;418;418;
;0;419;419;
;0;420;420;
;0;421;421;
;0;422;422;
;0;423;423;
;0;424;424;
;0;425;425;
;0;426;426;
;0;427;427;
;0;428;428;
;0;429;429;
;0;430;430;
;0;431;431;
;0;432;432;
;0;433;433;
;0;434;434;
;0;435;435;
;0;436;436;
;0;437;437;
;0;438;438;
;0;439;439;
;0;440;440;
;0;441;441;
;0;442;442;
;0;443;443;
;0;444;444;
;0;445;445;
;0;446;446;
;0;447;447;
;0;448;448;
;0;449;449;
;0;450;450;
;0;451;451;
;0;452;452;
;0;453;453;
;0;454;454;
;0;455;455;
;0;456;456;
;0;457;457;
;0;458;458;
;0;459;459;
;0;460;460;
;0;461;461;
;0;462;462;
;0;463;463;
;0;464;464;
;0;465;465;
;0;466;466;
;0;467;467;
;0;468;468;
;0;469;469;
;0;470;470;
;0;471;471;
;0;472;472;
;0;473;473;
;0;474;474;
;0;475;475;
;0;476;476;
;0;477;477;
;0;478;478;
;0;479;479;
;0;480;480;
;0;481;481;
;0;482;482;
;0;483;483;
;0;484;484;
;0;485;485;
;0;486;486;
;0;487;487;
;0;488;488;
;0;489;489;
;0;490;490;
;0;491;491;
;0;492;492;
;0;493;493;
;0;494;494;
;0;495;495;
;0;496;496;
;0;497;497;
;0;498;498;
;0;499;499;
;0;500;500;
;0;501;501;
;0;502;502;
;0;503;503;
;0;504;504;
;0;505;505;
;0;506;506;
;0;507;507;
;0;508;508;
;0;509;509;
;0;510;510;
;17;511;511;
